Netlist,LOFi1,LOFi2,LOFo1,LOFo2,PI
A[27],0,0,0,0,0
A[15],0,0,0,0,0
SUM[6],0,0,0,0,0
A[19],0,0,0,0,0
SUM[30],0,0,0,0,0
SUM[2],0,0,0,0,0
carry[24],0,0,0,0,0
SUM[26],0,0,0,0,0
carry[4],0,0,0,0,0
SUM[14],0,0,0,0,0
carry[16],0,0,0,0,0
carry[20],0,0,0,0,0
SUM[22],0,0,0,0,0
carry[0],0,0,0,0,0
SUM[10],0,0,0,0,0
carry[12],0,0,0,0,0
A[1],0,0,0,0,0
A[30],0,0,0,0,0
A[10],0,0,0,0,0
A[5],0,0,0,0,0
carry[28],0,0,0,0,0
A[22],0,0,0,0,0
carry[8],0,0,0,0,0
A[14],0,0,0,0,0
SUM[18],0,0,0,0,0
SUM[9],0,0,0,0,0
A[26],0,0,0,0,0
A[18],0,0,0,0,0
SUM[1],0,0,0,0,0
carry[30],0,0,0,0,0
SUM[5],0,0,0,0,0
SUM[27],0,0,0,0,0
carry[5],0,0,0,0,0
SUM[15],0,0,0,0,0
carry[15],0,0,0,0,0
carry[27],0,0,0,0,0
SUM[23],0,0,0,0,0
carry[1],0,0,0,0,0
carry[31],0,0,1,0,0
SUM[11],0,0,0,0,0
SUM[31],2,0,0,0,1
carry[11],0,0,0,0,0
carry[23],0,0,0,0,0
A[21],0,0,0,0,0
A[2],0,0,0,0,0
carry[9],0,0,0,0,0
SUM[19],0,0,0,0,0
A[25],0,0,0,0,0
carry[19],0,0,0,0,0
A[6],0,0,0,0,0
A[13],0,0,0,0,0
A[8],0,0,0,0,0
SUM[8],0,0,0,0,0
A[29],0,0,0,0,0
A[17],0,0,0,0,0
SUM[0],1,0,0,0,1
SUM[4],0,0,0,0,0
SUM[16],0,0,0,0,0
carry[14],0,0,0,0,0
carry[26],0,0,0,0,0
SUM[24],0,0,0,0,0
carry[2],0,0,0,0,0
SUM[12],0,0,0,0,0
carry[10],0,0,0,0,0
carry[22],0,0,0,0,0
SUM[20],0,0,0,0,0
A[3],0,0,0,0,0
A[20],0,0,0,0,0
A[12],0,0,0,0,0
carry[18],0,0,0,0,0
A[7],0,0,0,0,0
A[24],0,0,0,0,0
SUM[28],0,0,0,0,0
carry[6],0,0,0,0,0
A[9],0,0,0,0,0
A[16],0,0,0,0,0
SUM[7],0,0,0,0,0
A[28],0,0,0,0,0
SUM[3],0,0,0,0,0
carry[13],0,0,0,0,0
carry[25],0,0,0,0,0
SUM[25],0,0,0,0,0
carry[3],0,0,0,0,0
SUM[13],0,0,0,0,0
carry[21],0,0,0,0,0
SUM[21],0,0,0,0,0
A[0],0,0,1,0,0
A[31],0,0,1,0,0
A[23],0,0,0,0,0
carry[17],0,0,0,0,0
A[4],0,0,0,0,0
A[11],0,0,0,0,0
carry[29],0,0,0,0,0
SUM[29],0,0,0,0,0
carry[7],0,0,0,0,0
SUM[17],0,0,0,0,0
